first_name,last_name,contact,email
John,Doe,+256700000001,john.doe@example.com
Jane,Smith,+256700000002,jane.smith@example.com
Ali,Mukasa,+256700000003,ali.mukasa@example.com
Sarah,Akello,+256700000004,sarah.akello@example.com
David,Ochieng,+256700000005,david.ochieng@example.com
